stock,stock_id,species_id,common_name,scientific_name,U.S. region,area,area_code,sub_area,parent_stock_id,catg1,catg2,notes
Blue whale - Eastern North Pacific,BLWHALE-ENPACIFIC,BLWHALE,Blue whale,Balaenoptera musculus,West Coast,Eastern North Pacific,ENPACIFIC,-,-,Cetaceans,Large whales,
Blue whale - Central North Pacific,BLWHALE-CNPACIFIC,BLWHALE,Blue whale,Balaenoptera musculus,Pacific Islands,Central North Pacific,CNPACIFIC,-,-,Cetaceans,Large whales,
Blue whale - Western North Atlantic,BLWHALE-WNATLANTIC,BLWHALE,Blue whale,Balaenoptera musculus,New England/Mid-Atlantic,Western North Atlantic,WNATLANTIC,-,-,Cetaceans,Large whales,
Bowhead whale - Western Arctic,BOWHALE-WARCTC,BOWHALE,Bowhead whale,Balaena mysticetus,Alaska,Western Arctic,WARCTIC,-,-,Cetaceans,Large whales,
Bryde's whale - Eastern Tropical Pacific,BRWHALE-ETPACIFIC,BRWHALE,Bryde's whale,Balaenoptera brydei,-,Eastern Tropical Pacific,ETPACIFIC,-,-,Cetaceans,Large whales,
Bryde's whale - Hawaii,BRWHALE-HI,BRWHALE,Bryde's whale,Balaenoptera brydei,Pacific Islands,Hawaii,HI,-,-,Cetaceans,Large whales,
Bryde's whale - Northern Gulf of Mexico,BRWHALE-NGUMEXICO,BRWHALE,Bryde's whale,Balaenoptera brydei,Southeast,Northern Gulf of Mexico,NGUMEXICO,-,-,Cetaceans,Large whales,
Fin whale - California/Oregon/Washington,FIWHALE-CA/OR/WA,FIWHALE,Fin whale,Balaenoptera physalus velifera,West Coast,California/Oregon/Washington,CA/OR/WA,-,-,Cetaceans,Large whales,
Fin whale - Hawaii,FIWHALE-HI,FIWHALE,Fin whale,Balaenoptera physalus velifera,Pacific Islands,Hawaii,HI,-,-,Cetaceans,Large whales,
Fin whale - Northeast Pacific ,FIWHALE-NEPACIFIC,FIWHALE,Fin whale,Balaenoptera physalus velifera,Alaska,Northeast Pacific,NEPACIFIC,-,-,Cetaceans,Large whales,
Fin whale - Western North Atlantic,FIWHALE-WNATLANTIC,FIWHALE,Fin whale,Balaenoptera physalus velifera,New England/Mid-Atlantic,Western North Atlantic,WNATLANTIC,-,-,Cetaceans,Large whales,
Gray whale - Eastern North Pacific,GRWHALE-ENPACIFIC,GRWHALE,Gray whale,Eschrichtius robustus,"West Coast, Alaska",Eastern North Pacific,ENPACIFIC,-,-,Cetaceans,Large whales,
Gray whale - Western North Pacific,GRWHALE-WNPACIFIC,GRWHALE,Gray whale,Eschrichtius robustus,-,Western North Pacific,WNPACIFIC,-,-,Cetaceans,Large whales,
Humpback whale - American Samoa,HUWHALE-AS,HUWHALE,Humpback whale,Megaptera novaeangliae,Pacific Islands,American Samoa,AS,-,-,Cetaceans,Large whales,
Humpback whale - California/Oregon/Washington,HUWHALE-CA/OR/WA,HUWHALE,Humpback whale,Megaptera novaeangliae,West Coast,California/Oregon/Washington,CA/OR/WA,-,-,Cetaceans,Large whales,
Humpback whale - Central America/Southern Mexico,HUWHALE-CAMERICA/NMEXICO,HUWHALE,Humpback whale,Megaptera novaeangliae,-,Central America/Northern Mexico,CAMERICA/NMEXICO,-,-,Cetaceans,Large whales,
Hunpback whale - Central North Pacific,HUWHALE-CNPACIFIC,HUWHALE,Humpback whale,Megaptera novaeangliae,Alaska,Central North Pacific,CNPACIFIC,-,-,Cetaceans,Large whales,
Humpback whale - Gulf of Maine,HUWHALE-GUMAINE,HUWHALE,Humpback whale,Megaptera novaeangliae,New England/Mid-Atlantic,Gulf of Maine,GUMAINE,-,-,Cetaceans,Large whales,
Humpback whale - Hawaii,HUWHALE-HI,HUWHALE,Humpback whale,Megaptera novaeangliae,Pacific Islands,Hawaii,HI,-,-,Cetaceans,Large whales,
Humpback whale - Mainland Mexico,HUWHALE-MEXICO,HUWHALE,Humpback whale,Megaptera novaeangliae,-,Mexico,MEXICO,-,-,Cetaceans,Large whales,
Humpback whale - Mexico North Pacific,HUWHALE-MEXICONPACIFIC,HUWHALE,Humpback whale,Megaptera novaeangliae,-,Mexico North Pacific,MEXICONPACIFIC,-,-,Cetaceans,Large whales,
Humpback whale - Western North Pacific,HUWHALE-WNPACIFIC,HUWHALE,Humpback whale,Megaptera novaeangliae,-,Western North Pacific,WNPACIFIC,-,-,Cetaceans,Large whales,
Minke whale - Alaska,MIWHALE-AK,MIWHALE,Minke whale,Balaenoptera acutorostrata,Alaska,Alaska,AK,-,-,Cetaceans,Large whales,
Minke whale - Canadian Eastern Coastal,MIWHALE-CANADAECOAST,MIWHALE,Minke whale,Balaenoptera acutorostrata,-,Canadian Eastern Coast,CANADAECOAST,-,-,Cetaceans,Large whales,
Minke whale - California/Oregon/Washington,MIWHALE-CA/OR/WA,MIWHALE,Minke whale,Balaenoptera acutorostrata,West Coast,California/Oregon/Washington,CA/OR/WA,-,-,Cetaceans,Large whales,
Minke whale - Hawaii,MIWHALE-HI,MIWHALE,Minke whale,Balaenoptera acutorostrata,Pacific Islands,Hawaii,HI,-,-,Cetaceans,Large whales,
Rice's whale - Northern Gulf of Mexico,RCWHALE-NGUMEXICO,RCWHALE,Rice's whale,Balaenoptera ricei,Southeast,Northern Gulf of Mexico,NGUMEXICO,-,-,Cetaceans,Large whales,
Right whale - Eastern North Pacific,RTWHALE-ENPACIFIC,RTWHALE,Right whale,Eubalaena japonica,Alaska,Eastern North Pacific,ENPACIFIC,-,-,Cetaceans,Large whales,
Right whale - Western North Atlantic,RTWHALE-WNATLANTIC,RTWHALE,Right whale,Eubalaena japonica,"New England/Mid-Atlantic, Southeast",Western North Atlantic,WNATLANTIC,-,-,Cetaceans,Large whales,
Sei whale - Eastern North Pacific,SEWHALE-ENPACIFIC,SEWHALE,Sei whale,Balaenoptera borealis borealis,West Coast,Eastern North Pacific,ENPACIFIC,-,-,Cetaceans,Large whales,
Sei whale - Hawaii,SEWHALE-HI,SEWHALE,Sei whale,Balaenoptera borealis borealis,Pacific Islands,Hawaii,HI,-,-,Cetaceans,Large whales,
Sei whale - Nova Scotia,SEWHALE-NOVASCOTIA,SEWHALE,Sei whale,Balaenoptera borealis borealis,-,Nova Scotia,NOVASCOTIA,-,-,Cetaceans,Large whales,
Sei whale - Western North Atlantic,SEWHALE-WNATLANTIC,SEWHALE,Sei whale,Balaenoptera borealis borealis,New England/Mid-Atlantic,Western North Atlantic,WNATLANTIC,-,-,Cetaceans,Large whales,
Sperm whale - California/Oregon/Washington,SPWHALE-CA/OR/WA,SPWHALE,Sperm whale,Physeter macrocephalus,West Coast,California/Oregon/Washington,CA/OR/WA,-,-,Cetaceans,Large whales,
Sperm whale - Hawaii,SPWHALE-HI,SPWHALE,Sperm whale,Physeter macrocephalus,Pacific Islands,Hawaii,HI,-,-,Cetaceans,Large whales,
Sperm whale - North Pacific,SPWHALE-NPACIFIC,SPWHALE,Sperm whale,Physeter macrocephalus,Alaska,North Pacific ,NPACIFIC,-,-,Cetaceans,Large whales,
Sperm whale - North Atlantic,SPWHALE-NATLANTIC,SPWHALE,Sperm whale,Physeter macrocephalus,"New England/Mid-Atlantic, Southeast",North Atlantic,NATLANTIC,-,-,Cetaceans,Large whales,
Sperm whale - Nortehrn Gulf of Mexico,SPWHALE-NGUMEXICO,SPWHALE,Sperm whale,Physeter macrocephalus,Southeast,Northern Gulf of Mexico,NGUMEXICO,-,-,Cetaceans,Large whales,
Sperm whale - Puerto Rico and U.S. Virgin Islands,SPWHALE-PR/USVI,SPWHALE,Sperm whale,Physeter macrocephalus,Southeast,Puerto Rico/U.S. Virgin Islands,PR/USVI,-,-,Cetaceans,Large whales,
Baird's beaked whale - Alaska,BABEWHALE-AK,BABEWHALE,Baird's beaked whale,Berardius bairdii,Alaska,Alaska,AK,-,-,Cetaceans,Small whales,
Baird's beaked whale - California/Oregon/Washington,BABEWHALE-CA/OR/WA,BABEWHALE,Baird's beaked whale,Berardius bairdii,West Coast,California/Oregon/Washington,CA/OR/WA,-,-,Cetaceans,Small whales,
Blainville's beaked whale - Hawaii,BLBEWHALE-HI,BLBEWHALE,Blainville's beaked whale,Mesoplodon densirostris,Pacific Islands,Hawaii,HI,-,-,Cetaceans,Small whales,
Blainville's beaked whale - Western North Atlantic,BLBEWHALE-WNATLANTIC,BLBEWHALE,Blainville's beaked whale,Mesoplodon densirostris,"New England/Mid-Atlantic, Southeast",Western North Atlantic,WNATLANTIC,-,-,Cetaceans,Small whales,
Blainville's beaked whale - Northern Gulf of Mexico,BLBEWHALE-NGUMEXICO,BLBEWHALE,Blainville's beaked whale,Mesoplodon densirostris,Southeast,Northern Gulf of Mexico,NGUMEXICO,-,-,Cetaceans,Small whales,
Cuvier's beaked whale - Alaska,CUBEWHALE-AK,CUBEWHALE,Cuvier's beaked whale,Ziphius cavirostris,Alaska,Alaska,AK,-,-,Cetaceans,Small whales,
Cuvier's beaked whale - California/Oregon/Washington,CUBEWHALE-CA/OR/WA,CUBEWHALE,Cuvier's beaked whale,Ziphius cavirostris,West Coast,California/Oregon/Washington,CA/OR/WA,-,-,Cetaceans,Small whales,
Cuvier's beaked whale - Hawaii,CUBEWHALE-HI,CUBEWHALE,Cuvier's beaked whale,Ziphius cavirostris,Pacific Islands,Hawaii,HI,-,-,Cetaceans,Small whales,
Cuvier's beaked whale - Northern Gulf of Mexico,CUBEWHALE-NGUMEXICO,CUBEWHALE,Cuvier's beaked whale,Ziphius cavirostris,Southeast,Northern Gulf of Mexico,NGUMEXICO,-,-,Cetaceans,Small whales,
Cuvier's beaked whale - Puerto Rico and U.S. Virgin Islands,CUBEWHALE-PR/USVI,CUBEWHALE,Cuvier's beaked whale,Ziphius cavirostris,Southeast,Puerto Rico/U.S. Virgin Islands,PR/USVI,-,-,Cetaceans,Small whales,
Cuvier's beaked whale - Western North Atlantic,CUBEWHALE-WNATLANTIC,CUBEWHALE,Cuvier's beaked whale,Ziphius cavirostris,"New England/Mid-Atlantic, Southeast",Western North Atlantic,WNATLANTIC,-,-,Cetaceans,Small whales,
Gervais' beaked whale - Northern Gulf of Mexico,GEBEWHALE-NGUMEXICO,GEBEWHALE,Gervais' beaked whale,Mesoplodon europaeus,Southeast,Northern Gulf of Mexico,NGUMEXICO,-,-,Cetaceans,Small whales,
Gervais' beaked whale - Western North Atlantic,GEBEWHALE-WNATLANTIC,GEBEWHALE,Gervais' beaked whale,Mesoplodon europaeus,"New England/Mid-Atlantic, Southeast",Western North Atlantic,WNATLANTIC,-,-,Cetaceans,Small whales,
Mesoplodont beaked whale - Western North Atlantic,MEBEWHALE-WNATLANTIC,MEBEWHALE,Mesoplodont beaked whale,Mesoplodon spp.,"New England/Mid-Atlantic, Southeast",Western North Atlantic,WNATLANTIC,-,-,Cetaceans,Small whales,
Mesoplodont beaked whale - California/Oregon/Washington,MEBEWHALE-CA/OR/WA,MEBEWHALE,Mesoplodont beaked whale,Mesoplodon spp.,West Coast,California/Oregon/Washington,CA/OR/WA,-,-,Cetaceans,Small whales,
Longman's beaked whale - Hawaii,LMBEWHALE-HI,LMBEWHALE,Longman's beaked whale,Indopacetus pacificus.,Pacific Islands,Hawaii,HI,-,-,Cetaceans,Small whales,
Sowerby's beaked whale - Western North Atlantic,SOBEWHALE-WNATLANTIC,SOBEWHALE,Sowerby's beaked whale,Mesoplodon biden,"New England/Mid-Atlantic, Southeast",Western North Atlantic,WNATLANTIC,-,-,Cetaceans,Small whales,
Stejneger's beaked whale - Alaska,STBEWHALE-AK,STBEWHALE,Stejneger's beaked whale,Mesoplodon stejneger,Alaska,Alaska,AK,-,-,Cetaceans,Small whales,
True's beaked whale - Western North Atlantic,TRBEWHALE-WNATLANTIC,TRBEWHALE,True's beaked whale,Mesoplodon mirus,"New England/Mid-Atlantic, Southeast",Western North Atlantic,WNATLANTIC,-,-,Cetaceans,Small whales,
Beluga whale - Beaufort Sea,BGWHALE-BFSEA,BGWHALE,Beluga whale,Delphinapterus leucas,Alaska,Beaufort Sea,BFSEA,-,-,Cetaceans,Small whales,
Beluga whale - Bristol Bay,BGWHALE-BTBAY,BGWHALE,Beluga whale,Delphinapterus leucas,Alaska,Bristol Bay,BTBAY,-,-,Cetaceans,Small whales,
Beluga whale - Cook Inlet,BGWHALE-COINLET,BGWHALE,Beluga whale,Delphinapterus leucas,Alaska,Cook Inlet,COINLET,-,-,Cetaceans,Small whales,
Beluga whale  - Eastern Bering Sea,BGWHALE-EBRSEA,BGWHALE,Beluga whale,Delphinapterus leucas,Alaska,Eastern Bering Sea,EBRSEA,-,-,Cetaceans,Small whales,
Beluga whale - Eastern Chukchi Sea,BGWHALE-ECKSEA,BGWHALE,Beluga whale,Delphinapterus leucas,Alaska,Eastern Chukchi Sea,ECKSEA,-,-,Cetaceans,Small whales,
Dwarf sperm whale - California/Oregon/Washington,DSPWHALE-CA/OR/WA,DSPWHALE,Dwarf sperm whale,Kogia simus ,West Coast,California/Oregon/Washington,CA/OR/WA,-,-,Cetaceans,Small whales,
Dwarf sperm whale - Hawaii,DSPWHALE-HI,DSPWHALE,Dwarf sperm whale,Kogia simus ,Pacific Islands,Hawaii,HI,-,-,Cetaceans,Small whales,
Dwarf sperm whale - Northern Gulf of Mexico,DSPWHALE-NGUMEXICO,DSPWHALE,Dwarf sperm whale,Kogia simus ,Southeast,Northern Gulf of Mexico,NGUMEXICO,-,-,Cetaceans,Small whales,
Dwarf sperm whale - Western North Atlantic,DSPWHALE-WNATLANTIC,DSPWHALE,Dwarf sperm whale,Kogia simus ,"New England/Mid-Atlantic, Southeast",Western North Atlantic,WNATLANTIC,-,-,Cetaceans,Small whales,
False killer whale - American Samoa,FKIWHALE-AS,FKIWHALE,False killer whale,Pseudorca crassidens,Pacific Islands,American Samoa,AS,-,-,Cetaceans,Small whales,
False killer whale - Northern Gulf of Mexico,FKIWHALE-NGUMEXICO,FKIWHALE,False killer whale,Pseudorca crassidens,Southeast,Northern Gulf of Mexico,NGUMEXICO,-,-,Cetaceans,Small whales,
False killer whale - Hawaii,FKIWHALE-HI,FKIWHALE,False killer whale,Pseudorca crassidens,Pacific Islands,Hawaii,HI,-,-,Cetaceans,Small whales,
False killer whale - Palmyra Atoll,FKIWHALE-PLATOLL,FKIWHALE,False killer whale,Pseudorca crassidens,Pacific Islands,Palmyra Atoll,PLATOLL,-,-,Cetaceans,Small whales,
False killer whale - Western North Atlantic,FKIWHALE-WNATLANTIC,FKIWHALE,False killer whale,Pseudorca crassidens,"New England/Mid-Atlantic, Southeast",Western North Atlantic,WNATLANTIC,-,-,Cetaceans,Small whales,
Killer whale - AT1 Transient,KIWHALE-AT1TR,KIWHALE,Killer whale,Orcinus orca,Alaska,-,-,-,-,Cetaceans,Small whales,
Killer whale - Eastern North Pacific Alaska Resident,KIWHALE-ENPACIFICAKRE,KIWHALE,Killer whale,Orcinus orca,Alaska,Eastern North Pacific,ENPACIFIC,-,-,Cetaceans,Small whales,
Killer whale - Eastern North Pacific Northern Resident,KIWHALE-ENPACIFICNRE,KIWHALE,Killer whale,Orcinus orca,Alaska,Eastern North Pacific,ENPACIFIC,-,-,Cetaceans,Small whales,
Killer whale - Eastern North Pacific Offshore,KIWHALE-ENPACIFICOS,KIWHALE,Killer whale,Orcinus orca,Alaska,Eastern North Pacific,ENPACIFIC,-,-,Cetaceans,Small whales,
Killer whale - Eastern North Pacific Southern Resident,KIWHALE-ENPACIFICSRE,KIWHALE,Killer whale,Orcinus orca,Alaska,Eastern North Pacific,ENPACIFIC,-,-,Cetaceans,Small whales,
Killer whale - Eastern North Pacific West Coast Transient,KIWHALE-ENPACIFICWCOASTTR,KIWHALE,Killer whale,Orcinus orca,West Coast,Eastern North Pacific,ENPACIFIC,-,-,Cetaceans,Small whales,
"Killer whale - Gulf of Alaska, Aleutian Islands, and Bering Sea Transient",KIWHALE-GUAK/ALISLAND/BRSEATR,KIWHALE,Killer whale,Orcinus orca,Alaska,"Gulf of Alaska, Aleutian Islands, and Bering Sea",GUAK/ALISLAND/BRSEA,-,-,Cetaceans,Small whales,
Killer whale - Hawaii,KIWHALE - HI,KIWHALE,Killer whale,Orcinus orca,Pacific Islands,Hawaii,HI,-,-,Cetaceans,Small whales,
Killer whale - Northern Gulf of Mexico,KIWHALE-NGUMEXICO,KIWHALE,Killer whale,Orcinus orca,Southeast,Northern Gulf of Mexico,NGUMEXICO,-,-,Cetaceans,Small whales,
Killer whale - Western North Atlantic,KIWHALE-WNATLANTIC,KIWHALE,Killer whale,Orcinus orca,"New England/Mid-Atlantic, Southeast",Western North Atlantic,WNATLANTIC,-,-,Cetaceans,Small whales,
Melon-headed whale - Hawaii,MHWHALE-HI,MHWHALE,Melon-headed whale,Peponocephala electra,Pacific Islands,Hawaii,HI,-,-,Cetaceans,Small whales,
Melon-headed whale - Northern Gulf of Mexico,MHWHALE-NGUMEXICO,MHWHALE,Melon-headed whale,Peponocephala electra,Southeast,Northern Gulf of Mexico,NGUMEXICO,-,-,Cetaceans,Small whales,
Melon-headed whale - Western North Atlantic,MHWHALE-WNATLANTIC,MHWHALE,Melon-headed whale,Peponocephala electra,"New England/Mid-Atlantic, Southeast",Western North Atlantic,WNATLANTIC,-,-,Cetaceans,Small whales,
Northern bottlenose whale - Western North Atlantic,NBNWHALE-WNATLANTIC,NBNWHALE,Northern bottlenose whale,Hyperoodon ampullatus,New England/Mid-Atlantic,Western North Atlantic,WNATLANTIC,-,-,Cetaceans,Small whales,
Long-finned pilot whale - Western North Atlantic,LFPIWHALE-WNATLANTIC,LFPIWHALE,Long-finned pilot whale,Globicephala melas,New England/Mid-Atlantic,Western North Atlantic,WNATLANTIC,-,-,Cetaceans,Small whales,
Short-finned pilot whale - California/Oregon/Washington,SFPIWHALE-CA/OR/WA,SFPIWHALE,Short-finned pilot whale,Globicephala macrorhynchus,West Coast,California/Oregon/Washington,CA/OR/WA,-,-,Cetaceans,Small whales,
Short-finned pilot whale - Hawaii,SFPIWHALE-HI,SFPIWHALE,Short-finned pilot whale,Globicephala macrorhynchus,Pacific Islands,Hawaii,HI,-,-,Cetaceans,Small whales,
Short-finned pilot whale -  Northern Gulf of Mexico,SFPIWHALE-NGUMEXICO,SFPIWHALE,Short-finned pilot whale,Globicephala macrorhynchus,Southeast,Northern Gulf of Mexico,NGUMEXICO,-,-,Cetaceans,Small whales,
Short-finned pilot whale -  Puerto Rico and U.S. Virgin Islands,SFPIWHALE-PR/USVI,SFPIWHALE,Short-finned pilot whale,Globicephala macrorhynchus,Southeast,Puerto Rico/U.S. Virgin Islands,PR/USVI,-,-,Cetaceans,Small whales,
Short-finned pilot whale -  Western North Atlantic,SFPIWHALE-WNATLANTIC,SFPIWHALE,Short-finned pilot whale,Globicephala macrorhynchus,"New England/Mid-Atlantic, Southeast",Western North Atlantic,WNATLANTIC,-,-,Cetaceans,Small whales,
Pygmy killer whale - Hawaii,PKIWHALE-HI,PKIWHALE,Pygmy killer whale,Feresa attenuata,Pacific Islands,Hawaii,HI,-,-,Cetaceans,Small whales,
Pygmy killer whale - Northern Gulf of Mexico,PKIWHALE-NGUMEXICO,PKIWHALE,Pygmy killer whale,Feresa attenuata,Southeast,Northern Gulf of Mexico,NGUMEXICO,-,-,Cetaceans,Small whales,
Pygmy killer whale - Western North Atlantic,PKIWHALE-WNATLANTIC,PKIWHALE,Pygmy killer whale,Feresa attenuata,"New England/Mid-Atlantic, Southeast",Western North Atlantic,WNATLANTIC,-,-,Cetaceans,Small whales,
Pygmy sperm whale - California/Oregon/Washington,PSPWHALE-CA/OR/WA,PSPWHALE,Pygmy sperm whale,Kogia breviceps,West Coast,California/Oregon/Washington,CA/OR/WA,-,-,Cetaceans,Small whales,
Pygmy sperm whale - Hawaii,PSPWHALE-HI,PSPWHALE,Pygmy sperm whale,Kogia breviceps,Pacific Islands,Hawaii,HI,-,-,Cetaceans,Small whales,
Pygmy sperm whale -  Northern Gulf of Mexico,PSPWHALE-NGUMEXICO,PSPWHALE,Pygmy sperm whale,Kogia breviceps,Southeast,Northern Gulf of Mexico,NGUMEXICO,-,-,Cetaceans,Small whales,
Pygmy sperm whale -  Western North Atlantic,PSPWHALE-WNATLANTIC,PSPWHALE,Pygmy sperm whale,Kogia breviceps,"New England/Mid-Atlantic, Southeast",Western North Atlantic,WNATLANTIC,-,-,Cetaceans,Small whales,
Bottlenose dolphin - California Coastal,BNDOLPHIN-CACOA,BNDOLPHIN,Common bottlenose dolphin,Tursiops truncatus,West Coast,California Coastal,CA - COA,-,-,Cetaceans,Dolphins,
Bottlenose dolphin - Californnia/Oregon/Washington Offshore,BNDOLPHIN-CA/OR/WAOS,BNDOLPHIN,Common bottlenose dolphin,Tursiops truncatus,West Coast,Californnia/Oregon/Washington Offshore,CA/OR/WA-OS,-,-,Cetaceans,Dolphins,
Bottlenose dolphin - Hawaii,BNDOLPHIN-HI,BNDOLPHIN,Common bottlenose dolphin,Tursiops truncatus,Pacific Islands,Hawaii,HI,-,-,Cetaceans,Dolphins,
Bottlenose dolphin - Biscayne Bay,BNDOLPHIN-BCBAY,BNDOLPHIN,Common bottlenose dolphin,Tursiops truncatus,Southeast,Biscayne Bay,BCBAY,-,-,Cetaceans,Dolphins,
Bottlenose dolphin - Charleston Estuarine System,BNDOLPHIN-CLESTUARINE,BNDOLPHIN,Common bottlenose dolphin,Tursiops truncatus,Southeast,Charleston Estuarine System,CLESTUARINE,-,-,Cetaceans,Dolphins,
Bottlenose dolphin - Florida Bay,BNDOLPHIN-FLBAY,BNDOLPHIN,Common bottlenose dolphin,Tursiops truncatus,Southeast,Florida Bay,FLBAY,-,-,Cetaceans,Dolphins,
Bottlenose dolphin - Indian River Lagoon Estuarine System,BNDOLPHIN-IRLESTUARINE,BNDOLPHIN,Common bottlenose dolphin,Tursiops truncatus,Southeast,Indian River Lagoon Estuarine System,IRLESTUARINE,-,-,Cetaceans,Dolphins,
Bottlenose dolphin - Jacksonville Estuarine System,BNDOLPHIN-JVESTUARINE,BNDOLPHIN,Common bottlenose dolphin,Tursiops truncatus,Southeast,Jacksonville Estuarine System,JVESTUARINE,-,-,Cetaceans,Dolphins,
Bottlenose dolphin - Northern Georgia/Southern South Carolina Estuarine System,BNDOLPHIN-NGA/SSCESTUARINE,BNDOLPHIN,Common bottlenose dolphin,Tursiops truncatus,Southeast,Northern Georgia/Southern South Carolina Estuarine System,NGA/SSCESTUARINE,-,-,Cetaceans,Dolphins,
Bottlenose dolphin - Northern North Carolina Estuarine System,BNDOLPHIN-NNCESTUARINE,BNDOLPHIN,Common bottlenose dolphin,Tursiops truncatus,Southeast,Northern North Carolina Estuarine System,NNCESTUARINE,-,-,Cetaceans,Dolphins,
Bottlenose dolphin - Puerto Rico and U.S. Virgin Islands,BNDOLPHIN-PR/USVI,BNDOLPHIN,Common bottlenose dolphin,Tursiops truncatus,Southeast,Puerto Rico/U.S. Virgin Islands,PR/USVI,-,-,Cetaceans,Dolphins,
Bottlenose dolphin - Southern Georgia Estuarine System,BNDOLPHIN-SGAESTUARINE,BNDOLPHIN,Common bottlenose dolphin,Tursiops truncatus,Southeast,Southern Georgia Estuarine System,SGAESTUARINE,-,-,Cetaceans,Dolphins,
Bottlenose dolphin - Central Georgia Estuarine System,BNDOLPHIN-CGAESTUARINE,BNDOLPHIN,Common bottlenose dolphin,Tursiops truncatus,Southeast,Central Georgia Estuarine System,CGAESTUARINE,-,-,Cetaceans,Dolphins,
Bottlenose dolphin - Southern North Carolina Estuarine System,BNDOLPHIN-SNCESTUARINE,BNDOLPHIN,Common bottlenose dolphin,Tursiops truncatus,Southeast,Southern North Carolina Estuarine System,SNCESTUARINE,-,-,Cetaceans,Dolphins,
Bottlenose dolphin - Central Florida Coastal,BNDOLPHIN-CFLCOA,BNDOLPHIN,Common bottlenose dolphin,Tursiops truncatus,Southeast,Central Florida Coastal,CFL,-,-,Cetaceans,Dolphins,
Bottlenose dolphin - Northern Florida Coastal,BNDOLPHIN-NFLCOA,BNDOLPHIN,Common bottlenose dolphin,Tursiops truncatus,Southeast,Northern Florida Coastal,NFL,-,-,Cetaceans,Dolphins,
Bottlenose dolphin - Northern Migratory Coastal,BNDOLPHIN-NMIGRATORYCOA,BNDOLPHIN,Common bottlenose dolphin,Tursiops truncatus,New England/Mid-Atlantic,Western North Atlantic,WNATLANTIC,-,-,Cetaceans,Dolphins,
Bottlenose dolphin - Southern Migratory Coastal,BNDOLPHIN-SMIGRATORYCOA,BNDOLPHIN,Common bottlenose dolphin,Tursiops truncatus,New England/Mid-Atlantic,Western North Atlantic,WNATLANTIC,-,-,Cetaceans,Dolphins,
Bottlenose dolphin - South Carolina-Georgia Coastal,BNDOLPHIN-SC/GACOA,BNDOLPHIN,Common bottlenose dolphin,Tursiops truncatus,Southeast,South Carolina/Geogia Coastal,SC/GA,-,-,Cetaceans,Dolphins,
Bottlenose dolphin - Western North Atlantic Offshore,BNDOLPHIN-WNATLANTICOS,BNDOLPHIN,Common bottlenose dolphin,Tursiops truncatus,"New England/Mid-Atlantic, Southeast",Western North Atlantic,WNATLANTIC,-,-,Cetaceans,Dolphins,
Bottlenose dolphin - Choctawhatchee Bay,BNDOLPHIN-CHBAY,BNDOLPHIN,Common bottlenose dolphin,Tursiops truncatus,Southeast,Choctawhatchee Bay,CHBAY,-,-,Cetaceans,Dolphins,
"Bottlenose dolphin - Galveston Bay, East Bay, Trinity Bay",BNDOLPHIN-GABAY/EABAY/TRBAY,BNDOLPHIN,Common bottlenose dolphin,Tursiops truncatus,Southeast,"Galveston Bay, East Bay, Trinity Bay",GABAY/EABAY/TRBAY,-,-,Cetaceans,Dolphins,
Bottlenose dolphin - Terrebonne-Timbalier Bay Estuarine System,BNDOLPHIN-TTESTUARINE,BNDOLPHIN,Common bottlenose dolphin,Tursiops truncatus,Southeast,Terrebonne-Timbalier Bay Estuarine System,TTESTUARINE,-,-,Cetaceans,Dolphins,
Bottlenose dolphin - St.Andrew Bay,BNDOLPHIN-SABAY,BNDOLPHIN,Common bottlenose dolphin,Tursiops truncatus,Southeast,St.Andrew Bay,SABAY,-,-,Cetaceans,Dolphins,
Bottlenose dolphin - St.Joseph Bay,BNDOLPHIN-SJBAY,BNDOLPHIN,Common bottlenose dolphin,Tursiops truncatus,Southeast,St.Joseph Bay,SJBAY,-,-,Cetaceans,Dolphins,
Bottlenose dolphin - West Bay,BNDOLPHIN-WBAY,BNDOLPHIN,Common bottlenose dolphin,Tursiops truncatus,Southeast,West Bay,WBAY,-,-,Cetaceans,Dolphins,
Bottlenose dolphin - Barataria Bay Estuarine System,BNDOLPHIN-BAESTUARINE,BNDOLPHIN,Common bottlenose dolphin,Tursiops truncatus,Southeast,Barataria Bay Estuarine System,BAESTUARINE,-,-,Cetaceans,Dolphins,
"Bottlenose dolphin - Mississippi Sound, Lake Borgne, Bay Boudreau",BNDOLPHIN-MISOUND/LAKEBO/BAYBO,BNDOLPHIN,Common bottlenose dolphin,Tursiops truncatus,Southeast,"Mississippi Sound, Lake Borgne, Bay Boudreau",MISOUND/LAKEBO/BAYBO,-,-,Cetaceans,Dolphins,
Bottlenose dolphin - Continental Shelf,BNDOLPHIN-CS,BNDOLPHIN,Common bottlenose dolphin,Tursiops truncatus,Southeast,Northern Gulf of Mexico,NGUMEXICO,-,-,Cetaceans,Dolphins,
Bottlenose dolphin - Oceanic,BNDOLPHIN-OC,BNDOLPHIN,Common bottlenose dolphin,Tursiops truncatus,Southeast,Northern Gulf of Mexico,NGUMEXICO,-,-,Cetaceans,Dolphins,
Bottlenose dolphin - Eastern Coastal,BNDOLPHIN-ECOA,BNDOLPHIN,Common bottlenose dolphin,Tursiops truncatus,Southeast,Northern Gulf of Mexico,NGUMEXICO,-,-,Cetaceans,Dolphins,
Bottlenose dolphin - Northern Coastal,BNDOLPHIN-NCOA,BNDOLPHIN,Common bottlenose dolphin,Tursiops truncatus,Southeast,Northern Gulf of Mexico,NGUMEXICO,-,-,Cetaceans,Dolphins,
Bottlenose dolphin - Western Coastal,BNDOLPHIN-WCOA,BNDOLPHIN,Common bottlenose dolphin,Tursiops truncatus,Southeast,Northern Gulf of Mexico,NGUMEXICO,-,-,Cetaceans,Dolphins,
Clymene dolphin - Northen Gulf of Mexico,CLDOLPHIN-NGUMEXICO,CLDOLPHIN,Clymene dolphin,Stenella clymene,Southeast,Northern Gulf of Mexico,NGUMEXICO,-,-,Cetaceans,Dolphins,
Clymene dolphin - Western North Atlantic,CLDOLPHIN-WNATLANTIC,CLDOLPHIN,Clymene dolphin,Stenella clymene,"New England/Mid-Atlantic, Southeast",Western North Atlantic,WNATLANTIC,-,-,Cetaceans,Dolphins,
Short-beaked common dolphin - Western North Atlantic,SBCODOLPHIN-WNATLANTIC,SBCODOLPHIN,Short-beaked common dolphin,Delphinus delphis delphis,"New England/Mid-Atlantic, Southeast",Western North Atlantic,WNATLANTIC,-,-,Cetaceans,Dolphins,
Short-beaked common dolphin  - California/Oregon/Washington,SBCODOLPHIN-CA/OR/WA,SBCODOLPHIN,Short-beaked common dolphin,Delphinus delphis delphis,West Coast,California/Oregon/Washington,CA/OR/WA,-,-,Cetaceans,Dolphins,
Long-beaked common dolphin - California,LBCODOLPHIN-CA,LBCODOLPHIN,Long-beaked common dolphin,Delphinus delphis bairdii,West Coast,California,CA,-,-,Cetaceans,Dolphins,
Fraser's dolphin - Hawaii,FRDOLPHIN-HI,FRDOLPHIN,Fraser's dolphin ,Lagenodelphis hosei,Pacific Islands,Hawaii,HI,-,-,Cetaceans,Dolphins,
Fraser's dolphin - Northern Gulf of Mexico,FRDOLPHIN-NGUMEXICO,FRDOLPHIN,Fraser's dolphin ,Lagenodelphis hosei,Southeast,Northern Gulf of Mexico,NGUMEXICO,-,-,Cetaceans,Dolphins,
Fraser's dolphin - Western North Atlantic,FRDOLPHIN-WNATLANTIC,FRDOLPHIN,Fraser's dolphin ,Lagenodelphis hosei,"New England/Mid-Atlantic, Southeast",Western North Atlantic,WNATLANTIC,-,-,Cetaceans,Dolphins,
Northern right whale dolphin - California/Oregon/Washington,NRWDOLPHIN-CA/OR/WA,NRWDOLPHIN,Northern right whale dolphin,Lissodelphis borealis,West Coast,California/Oregon/Washington,CA/OR/WA,-,-,Cetaceans,Dolphins,
Risso's dolphin - Hawaii,RIDOLPHIN-HI,RIDOLPHIN,Risso's dolphin,Grampus griseus,Pacific Islands,Hawaii,HI,-,-,Cetaceans,Dolphins,
Risso's dolphin - California/Oregon/Washington,RIDOLPHIN-CA/OR/WA,RIDOLPHIN,Risso's dolphin,Grampus griseus,West Coast,California/Oregon/Washington,CA/OR/WA,-,-,Cetaceans,Dolphins,
Risso's dolphin - Northern Gulf of Mexico,RIDOLPHIN-NGUMEXICO,RIDOLPHIN,Risso's dolphin,Grampus griseus,Southeast,Northern Gulf of Mexico,NGUMEXICO,-,-,Cetaceans,Dolphins,
Risso's dolphin - Western North Atlantic,RIDOLPHIN-WNATLANTIC,RIDOLPHIN,Risso's dolphin,Grampus griseus,"New England/Mid-Atlantic, Southeast",Western North Atlantic,WNATLANTIC,-,-,Cetaceans,Dolphins,
Rough-toothed dolphin - American Samoa,RTDOLPHIN-AS,RTDOLPHIN,Rough-toothed dolphin,Steno bredanensis,Pacific Islands,American Samoa,AS,-,-,Cetaceans,Dolphins,
Rough-toothed dolphin - Hawaii,RTDOLPHIN-HI,RTDOLPHIN,Rough-toothed dolphin,Steno bredanensis,Pacific Islands,Hawaii,HI,-,-,Cetaceans,Dolphins,
Rough-toothed dolphin - Northern Gulf of Mexico,RTDOLPHIN-NGUMEXICO,RTDOLPHIN,Rough-toothed dolphin,Steno bredanensis,Southeast,Northern Gulf of Mexico,NGUMEXICO,-,-,Cetaceans,Dolphins,
Rough-toothed dolphin - Western North Atlantic,RTDOLPHIN-WNATLANTIC,RTDOLPHIN,Rough-toothed dolphin,Steno bredanensis,"New England/Mid-Atlantic, Southeast",Western North Atlantic,WNATLANTIC,-,-,Cetaceans,Dolphins,
Spinner dolphin - American Samoa,SIDOLPHIN-AS,SIDOLPHIN,Spinner dolphin,Stenella longirostris,Pacific Islands,American Samoa,AS,-,-,Cetaceans,Dolphins,
Spinner dolphin - Hawaii,SIDOLPHIN-HI,SIDOLPHIN,Spinner dolphin,Stenella longirostris,Pacific Islands,Hawaii,HI,-,-,Cetaceans,Dolphins,
Spinner dolphin - Northern Gulf of Mexico,SIDOLPHIN-NGUMEXICO,SIDOLPHIN,Spinner dolphin,Stenella longirostris,Southeast,Northern Gulf of Mexico,NGUMEXICO,-,-,Cetaceans,Dolphins,
Spinner dolphin - Puerto Rico and U.S. Virgin Islands,SIDOLPHIN-PR/USVI,SIDOLPHIN,Spinner dolphin,Stenella longirostris,Southeast,Puerto Rico/U.S. Virgin Islands,PR/USVI,-,-,Cetaceans,Dolphins,
Spinner dolphin - Western North Atlantic,SIDOLPHIN-WNATLANTIC,SIDOLPHIN,Spinner dolphin,Stenella longirostris,"New England/Mid-Atlantic, Southeast",Western North Atlantic,WNATLANTIC,-,-,Cetaceans,Dolphins,
Atlantic spotted dolphin - Northern Gulf of Mexico,ATSTDOLPHIN-NGUMEXICO,ATSTDOLPHIN,Atlantic spotted dolphin,Stenella frontalis,Southeast,Northern Gulf of Mexico,NGUMEXICO,-,-,Cetaceans,Dolphins,
Atlantic spotted dolphin - Puerto Rico and U.S. Virgin Islands,ATSTDOLPHIN-PR/USVI,ATSTDOLPHIN,Atlantic spotted dolphin,Stenella frontalis,Southeast,Puerto Rico/U.S. Virgin Islands,PR/USVI,-,-,Cetaceans,Dolphins,
Atlantic spotted dolphin - Western North Atlantic,ATSTDOLPHIN-WNATLANTIC,ATSTDOLPHIN,Atlantic spotted dolphin,Stenella frontalis,"New England/Mid-Atlantic, Southeast",Western North Atlantic,WNATLANTIC,-,-,Cetaceans,Dolphins,
Pantropical spotted dolphin - Hawaii,PTSTDOLPHIN-HI,PTSTDOLPHIN,Pantropical spotted dolphin,Stenella attenuata,Pacific Islands,Hawaii,HI,-,-,Cetaceans,Dolphins,
Pantropical spotted dolphin - Northern Gulf of Mexico,PTSTDOLPHIN-NGUMEXICO,PTSTDOLPHIN,Pantropical spotted dolphin,Stenella attenuata,Southeast,Northern Gulf of Mexico,NGUMEXICO,-,-,Cetaceans,Dolphins,
Pantropical spotted dolphin - Western North Atlantic,PTSTDOLPHIN-WNATLANTIC,PTSTDOLPHIN,Pantropical spotted dolphin,Stenella attenuata,"New England/Mid-Atlantic, Southeast",Western North Atlantic,WNATLANTIC,-,-,Cetaceans,Dolphins,
Striped dolphin - California/Oregon/Washington,STDOLPHIN-CA/OR/WA,STDOLPHIN,Striped dolphin,Stenella coeruleoalba,West Coast,California/Oregon/Washington,CA/OR/WA,-,-,Cetaceans,Dolphins,
Striped dolphin - Hawaii,STDOLPHIN-HI,STDOLPHIN,Striped dolphin,Stenella coeruleoalba,Pacific Islands,Hawaii,HI,-,-,Cetaceans,Dolphins,
Striped dolphin - Northern Gulf of Mexico,STDOLPHIN-NGUMEXICO,STDOLPHIN,Striped dolphin,Stenella coeruleoalba,Southeast,Northern Gulf of Mexico,NGUMEXICO,-,-,Cetaceans,Dolphins,
Striped dolphin - Western North Atlantic,STDOLPHIN-WNATLANTIC,STDOLPHIN,Striped dolphin,Stenella coeruleoalba,New England/Mid-Atlantic,Western North Atlantic,WNATLANTIC,-,-,Cetaceans,Dolphins,
White-beaked dolphin - Western North Atlantic,WBDOLPHIN-WNATLANTIC,WBDOLPHIN,White-beaked dolphin,Lagenorhynchus albirostris,New England/Mid-Atlantic,Western North Atlantic,WNATLANTIC,-,-,Cetaceans,Dolphins,
Atlantic white-sided dolphin - Western North Atlantic,ATWSDOLPHIN-WNATLANTIC,ATWSDOLPHIN,Atlantic white-sided dolphin,Lagenorhynchus acutus,New England/Mid-Atlantic,Western North Atlantic,WNATLANTIC,-,-,Cetaceans,Dolphins,
Pacific white-sided dolphin - California/Oregon/Washington,PAWSDOLPHIN-CA/OR/WA,PAWSDOLPHIN,Pacific white-sided dolphin,Lagenorhynchus obliquidens,West Coast,California/Oregon/Washington,CA/OR/WA,-,-,Cetaceans,Dolphins,
Pacific white-sided dolphin - North Pacific,PAWSDOLPHIN-NPACIFIC,PAWSDOLPHIN,Pacific white-sided dolphin,Lagenorhynchus obliquidens,Alaska,North Pacific,NPACIFIC,-,-,Cetaceans,Dolphins,
Dall's porpoise - Alaska,DAPORPOISE-AK,DAPORPOISE,Dall's porpoise,Phocoenoides dalli,Alaska,Alaska,AK,-,-,Cetaceans,Porpoise,
Dall's porpoise - California/Oregon/Washignton,DAPORPOISE-CA/OR/WA,DAPORPOISE,Dall's porpoise,Phocoenoides dalli,West Coast,California/Oregon/Washington,CA/OR/WA,-,-,Cetaceans,Porpoise,
Harbor porpoise - Bering Sea,HBPORPOISE-BRSEA,HBPORPOISE,Harbor porpoise,Phocoena phocoena,Alaska,Bering Sea,BRSEA,-,-,Cetaceans,Porpoise,
Harbor porpoise - Gulf of Alaska,HBPORPOISE-GUAK,HBPORPOISE,Harbor porpoise,Phocoena phocoena,Alaska,Gulf of Alaska,GUAK,-,-,Cetaceans,Porpoise,
Harbor porpoise - Gulf of Maine/Bay of Fundy,HBPORPOISE-GUMAINE/BAYF,HBPORPOISE,Harbor porpoise,Phocoena phocoena,New England/Mid-Atlantic,Gulf of Maine/Bay of Fundy,GUMAINE/BAYF,-,-,Cetaceans,Porpoise,
Harbor porpoise - Monterey Bay,HBPORPOISE-MTBAY,HBPORPOISE,Harbor porpoise,Phocoena phocoena,West Coast,Monterey Bay,MTBAY,-,-,Cetaceans,Porpoise,
Harbor porpoise - Morro Bay,HBPORPOISE-MRBAY,HBPORPOISE,Harbor porpoise,Phocoena phocoena,West Coast,Morro Bay,MRBAY,-,-,Cetaceans,Porpoise,
Harbor porpoise - Northern California/Southern Oregon,HBPORPOISE-NCA/SOR,HBPORPOISE,Harbor porpoise,Phocoena phocoena,West Coast,Northern California/Southern Oregon,NCA/SOR,-,-,Cetaceans,Porpoise,
Harbor porpoise - Northern Oregon/Washington Coast,HBPORPOISE-NOR/WA,HBPORPOISE,Harbor porpoise,Phocoena phocoena,West Coast,Northern Oregon/Washington Coast,NOR/WA,-,-,Cetaceans,Porpoise,
Harbor porpoise - San Francisco/Russian River,HBPORPOISE-SF/RRIVER,HBPORPOISE,Harbor porpoise,Phocoena phocoena,West Coast,San Francisco/Russian River,SF/RRIVER,-,-,Cetaceans,Porpoise,
Harbor porpoise - Southern Alaska,HBPORPOISE-SALASKA,HBPORPOISE,Harbor porpoise,Phocoena phocoena,Alaska,Alaska,AK,-,-,Cetaceans,Porpoise,
Harbor porpoise - Washington Inland Waters,HBPORPOISE-WAINLAND,HBPORPOISE,Harbor porpoise,Phocoena phocoena,West Coast,Washington Inland Waters,WA - INLAND,-,-,Cetaceans,Porpoise,
Bearded seal - Beringia,BESEAL-BER,BESEAL,Bearded seal,Erignathus barbatus,Alaska,Beringia,BER,-,-,Pinnipeds,Phocids,
Gray seal - Western North Atlantic,GRSEAL-WNATLANTIC,GRSEAL,Gray seal,Halichoerus grypus,New England/Mid-Atlantic,Western North Atlantic,WNATLANTIC,-,-,Pinnipeds,Phocids,
Harbor seal - Aleutians,HBSEAL-AL,HBSEAL,Harbor seal,Phoca vitulina,Alaska,Alaska,AK,-,-,Pinnipeds,Phocids,
Harbor seal - Bristol bay,HBSEAL-BTBAY,HBSEAL,Harbor seal,Phoca vitulina,Alaska,Alaska,AK,-,-,Pinnipeds,Phocids,
Harbor seal - N Kodiak,HBSEAL-NKOD,HBSEAL,Harbor seal,Phoca vitulina,Alaska,Alaska,AK,-,-,Pinnipeds,Phocids,
Harbor seal - S Kodiak,HBSEAL-SKOD,HBSEAL,Harbor seal,Phoca vitulina,Alaska,Alaska,AK,-,-,Pinnipeds,Phocids,
Harbor seal - Prince William Sound,HBSEAL-PWSOUND,HBSEAL,Harbor seal,Phoca vitulina,Alaska,Alaska,AK,-,-,Pinnipeds,Phocids,
Harbor seal - Cook Inlet/Shelikof Strait,HBSEAL-COINLET/SHSTRAIT,HBSEAL,Harbor seal,Phoca vitulina,Alaska,Alaska,AK,-,-,Pinnipeds,Phocids,
Harbor seal - Glacier Bay/Icy Strait,HBSEAL-GLBAY/ICSTRAIT,HBSEAL,Harbor seal,Phoca vitulina,Alaska,Alaska,AK,-,-,Pinnipeds,Phocids,
Harbor seal - Lynn Cannal/Stephens Passage,HBSEAL-LYCANNAL/STPASSAGE,HBSEAL,Harbor seal,Phoca vitulina,Alaska,Alaska,AK,-,-,Pinnipeds,Phocids,
Harbor seal - Sitka/Chatham Strait,HBSEAL-SI/CHSTRAIT,HBSEAL,Harbor seal,Phoca vitulina,Alaska,Alaska,AK,-,-,Pinnipeds,Phocids,
Harbor seal - Dixon/Cape Decision,HBSEAL-DX/CAPEDE,HBSEAL,Harbor seal,Phoca vitulina,Alaska,Alaska,AK,-,-,Pinnipeds,Phocids,
Harbor seal - Clarence Strait,HBSEAL-CLSTRAIT,HBSEAL,Harbor seal,Phoca vitulina,Alaska,Alaska,AK,-,-,Pinnipeds,Phocids,
Harbor seal - California,HBSEAL-CA,HBSEAL,Harbor seal,Phoca vitulina,West Coast,California,CA,-,-,Pinnipeds,Phocids,
Harbor seal - California,HBSEAL-CAMAIN,HBSEAL,Harbor seal,Phoca vitulina,West Coast,California,CA,California mainland,HBSEAL-CA,Pinnipeds,Phocids,
Harbor seal - California,HBSEAL-CAISLANDS,HBSEAL,Harbor seal,Phoca vitulina,West Coast,California,CA,Channel Islands,HBSEAL-CA,Pinnipeds,Phocids,
Harbor seal - Oregon/Washington Coastal,HBSEAL-OR/WACOA,HBSEAL,Harbor seal,Phoca vitulina,West Coast,Oregon/Washington Coastal,OR/WACOA,-,-,Pinnipeds,Phocids,
Harbor seal - Oregon/Washington Coastal,HBSEAL-ORCOA,HBSEAL,Harbor seal,Phoca vitulina,West Coast,Oregon/Washington Coastal,OR/WACOA,Oregon Coastal,HBSEAL-OR/WACOA,Pinnipeds,Phocids,
Harbor seal - Oregon/Washington Coastal,HBSEAL-WACOA,HBSEAL,Harbor seal,Phoca vitulina,West Coast,Oregon/Washington Coastal,OR/WACOA,Washignton Coastal,HBSEAL-OR/WACOA,Pinnipeds,Phocids,
Harbor seal - Washington Inland,HBSEAL-WAINLAND,HBSEAL,Harbor seal,Phoca vitulina,West Coast,Washington Inland,WA-INLAND,-,-,Pinnipeds,Phocids,
Harbor seal - Western North Atlantic,HBSEAL-WNATLANTIC,HBSEAL,Harbor seal,Phoca vitulina,New England/Mid-Atlantic,Western North Atlantic,WNATLANTIC,-,-,Pinnipeds,Phocids,
Harbor seal - Bering Sea,HBSEAL-BRSEA,HBSEAL,Harbor seal,Phoca vitulina,Alaska,Bering Sea,BRSEA,-,-,Pinnipeds,Phocids,
Harbor seal - Gulf of Alaska,HBSEAL-GUAK,HBSEAL,Harbor seal,Phoca vitulina,Alaska,Gulf of Alaska,GUAK,-,-,Pinnipeds,Phocids,
Harbor seal - Southeast Alaska,HBSEAL-SEAK,HBSEAL,Harbor seal,Phoca vitulina,Alaska,Southeast Alaska,SEAK,-,-,Pinnipeds,Phocids,
Harp seal - Western North Atlantic,HPSEAL-WNATLANTIC,HPSEAL,Harp seal,Pagophilus groenlandicus,New England/Mid-Atlantic,Western North Atlantic,PW,-,-,Pinnipeds,Phocids,
Hawaiian monk seal - Hawaii,HMSEAL-HI,HMSEAL,Hawaiian monk seal,Monachus schauinslandi,Pacific Islands,Hawaii,HI,-,-,Pinnipeds,Phocids,
Hooded seal - Western North Atlantic,HDSEAL-WNATLANTIC,HDSEAL,Hooded seal,Cystophora cristata,New England/Mid-Atlantic,Western North Atlantic,WNATLANTIC,-,-,Pinnipeds,Phocids,
Northern elephant seal - California Breeding,NESEAL-CABRE,NESEAL,Northern elephant seal,Mirounga angustirostris,"West Coast, Alaska",-,-,-,-,Pinnipeds,Phocids,
Northern elephant seal - California Breeding,NESEAL-CAISLANDS,NESEAL,Northern elephant seal,Mirounga angustirostris,"West Coast, Alaska",-,-,Channel Islands,NESEAL-CABRE,Pinnipeds,Phocids,
Northern elephant seal - California Breeding,NESEAL-CACENTRAL,NESEAL,Northern elephant seal,Mirounga angustirostris,"West Coast, Alaska",-,-,Central California,NESEAL-CABRE,Pinnipeds,Phocids,
Ribbon seal - Alaska,RBSEAL-AK,RBSEAL,Ribbon seal,Histriophoca fasciata,Alaska,Alaska,AK,-,-,Pinnipeds,Phocids,
Ringed seal - Arctic,RISEAL-ARC,RISEAL,Ringed seal,Pusa hispida,Alaska,Arctic,ARC,-,-,Pinnipeds,Phocids,
Spotted seal - Bering,SPSEAL-BR,SPSEAL,Spotted seal,Phoca largha,Alaska,Bering,BR,-,-,Pinnipeds,Phocids,
Guadalupe fur seal - Mexico,GFSEAL-MEXICO,GFSEAL,Guadalupe fur seal,Arctocephalus townsendi,-,-,-,-,-,Pinnipeds,Otarrids,
Northern fur seal - California,NFSEAL-CA,NFSEAL,Northern fur seal,Callorhinus ursinus,West Coast,California,CA,-,-,Pinnipeds,Otarrids,
Northern fur seal  - Eastern Pacific,NFSEAL-EPACIFIC,NFSEAL,Northern fur seal,Callorhinus ursinus,Alaska,Eastern Pacific,EPACIFIC,-,-,Pinnipeds,Otarrids,
Northern fur seal  - Eastern Pacific,NFSEAL-PL,NFSEAL,Northern fur seal,Callorhinus ursinus,Alaska,Eastern Pacific,EPACIFIC,St. Paul,NFSEAL-EPACIFIC,Pinnipeds,Otarrids,
Northern fur seal  - Eastern Pacific,NFSEAL-GR,NFSEAL,Northern fur seal,Callorhinus ursinus,Alaska,Eastern Pacific,EPACIFIC,St. George,NFSEAL-EPACIFIC,Pinnipeds,Otarrids,
Northern fur seal - Eastern Pacific,NFSEAL-BO,NFSEAL,Northern fur seal,Callorhinus ursinus,Alaska,Eastern Pacific,EPACIFIC,Bogoslof,NFSEAL-EPACIFIC,Pinnipeds,Otarrids,
California sea lion - United States,CASEALION-U.S.,CASEALION,California sea lion,Zalophus californianus,West Coast,-,-,-,-,Pinnipeds,Otarrids,
Steller sea lion - Eastern ,STSEALION-E,STSEALION,Stellar sea lion,Eumetopias jubatus,"West Coast, Alaska",-,-,-,-,Pinnipeds,Otarrids,
Steller sea lion - Eastern,STSEALION-SEAK,STSEALION,Stellar sea lion,Eumetopias jubatus,Alaska,-,-,Southeast Alaska,STSEALION-E,Pinnipeds,Otarrids,
Steller sea lion - Eastern,STSEALION-WA,STSEALION,Stellar sea lion,Eumetopias jubatus,West Coast,-,-,Washington,STSEALION-E,Pinnipeds,Otarrids,
Steller sea lion - Eastern,STSEALION-OR,STSEALION,Stellar sea lion,Eumetopias jubatus,West Coast,-,-,Oregon,STSEALION-E,Pinnipeds,Otarrids,
Steller sea lion - Eastern,STSEALION-CA,STSEALION,Stellar sea lion,Eumetopias jubatus,West Coast,-,-,California,STSEALION-E,Pinnipeds,Otarrids,
Steller sea lion - Eastern,STSEALION-BC,STSEALION,Stellar sea lion,Eumetopias jubatus,-,-,-,British Columbia,STSEALION-E,Pinnipeds,Otarrids,
Steller sea lion - Western,STSEALION-W,STSEALION,Stellar sea lion,Eumetopias jubatus,Alaska,-,-,-,-,Pinnipeds,Otarrids,
Steller sea lion - Western,STSEALION-WALISLAND,STSEALION,Stellar sea lion,Eumetopias jubatus,Alaska,-,-,Western Aleutian Islands,STSEALION-W,Pinnipeds,Otarrids,
Steller sea lion - Western,STSEALION-CALISLAND,STSEALION,Stellar sea lion,Eumetopias jubatus,Alaska,-,-,Central Aleutian Islands,STSEALION-W,Pinnipeds,Otarrids,
Steller sea lion - Western,STSEALION-EALISLAND,STSEALION,Stellar sea lion,Eumetopias jubatus,Alaska,-,-,Eastern Aleutian Islands,STSEALION-W,Pinnipeds,Otarrids,
Steller sea lion - Western,STSEALION-WGUAK,STSEALION,Stellar sea lion,Eumetopias jubatus,Alaska,-,-,Western Gulf of Alaska,STSEALION-W,Pinnipeds,Otarrids,
Steller sea lion - Western,STSEALION-CGUAK,STSEALION,Stellar sea lion,Eumetopias jubatus,Alaska,-,-,Central Gulf of Alaska,STSEALION-W,Pinnipeds,Otarrids,
Steller sea lion - Western,STSEALION-EGUAK,STSEALION,Stellar sea lion,Eumetopias jubatus,Alaska,-,-,Eastern Gulf of Alaska,STSEALION-W,Pinnipeds,Otarrids,
West Indian manatee - Antillean,WIMANATEE-ANT,WIMANATEE,West Indian manatee,Trichechus manatus,Southeast,Antilles ,ANT,-,-,Sirenians,Manatees,
West Indian manatee - Florida,WIMANATEE-FL,WIMANATEE,West Indian manatee,Trichechus manatus,Southeast,Florida,FL,-,-,Sirenians,Manatees,
Polar bear - Alaska Chukchi/Bering Sea,PBEAR-AKCK/BRSEA,PBEAR,Polar bear,Ursus maritimus,Alaska,Alaska Chukchi/Bering Sea,AKCK/BRSEA,-,-,Fissipeds,Polar bears,
Southern sea otter - California,SSEAOTTER-CAMAIN,SSEAOTTER,Southern sea otter,Enhydra lutris nereis,West Coast,California,CA,-,-,Fissipeds,Sea otters,
Northern sea otter - Southcentral Alaska,NSEAOTTER-SCAK,NSEAOTTER,Northern sea otter,Enhydra lutris kenyoni,Alaska,Southcentral Alaska,SCAK,-,-,Fissipeds,Sea otters,
Northern sea otter - Southeast Alaska,NSEAOTTER-SEAK,NSEAOTTER,Northern sea otter,Enhydra lutris kenyoni,Alaska,Southeast Alaska,SEAK,-,-,Fissipeds,Sea otters,
Northern sea otter  - Southwest Alaska,NSEAOTTER-SWAK,NSEAOTTER,Northern sea otter,Enhydra lutris kenyoni,Alaska,Southwest Alaska,SWAK,-,-,Fissipeds,Sea otters,
Northern sea otter - Washington ,NSEAOTTER-WA,NSEAOTTER,Northern sea otter,Enhydra lutris kenyoni,West Coast,Washington,WA,-,-,Fissipeds,Sea otters,
Pacific walrus - Alaska,PWALRUS-AK,PWALRUS,Pacific walrus,Odobenus rosmarus divergens,Alaska,Alaska,AK,-,-,Pinnipeds,Walrus,